ts_code,name,industry
000001.SZ,平安银行,银行
000002.SZ,万科A,全国地产
000006.SZ,深振业A,区域地产
000009.SZ,中国宝安,电气设备
000021.SZ,深科技,元器件
000027.SZ,深圳能源,火力发电
000029.SZ,深深房A,区域地产
000032.SZ,深桑达A,建筑工程
000034.SZ,神州数码,软件服务
000039.SZ,中集集团,运输设备
000050.SZ,深天马A,元器件
000060.SZ,中金岭南,铅锌
000061.SZ,农产品,农业综合
000062.SZ,深圳华强,元器件
000063.SZ,中兴通讯,通信设备
000066.SZ,中国长城,IT设备
000069.SZ,华侨城A,全国地产
000088.SZ,盐田港,港口
000089.SZ,深圳机场,机场
000099.SZ,中信海直,空运
000100.SZ,TCL科技,元器件
000155.SZ,川能动力,新型电力
000157.SZ,中联重科,工程机械
000158.SZ,常山北明,软件服务
000166.SZ,申万宏源,证券
000301.SZ,东方盛虹,化纤
000333.SZ,美的集团,家用电器
000338.SZ,潍柴动力,汽车配件
000400.SZ,许继电气,电气设备
000403.SZ,派林生物,生物制药
000408.SZ,藏格矿业,农药化肥
000415.SZ,渤海租赁,多元金融
000422.SZ,湖北宜化,农药化肥
000423.SZ,东阿阿胶,中成药
000425.SZ,徐工机械,工程机械
000426.SZ,兴业银锡,铅锌
000429.SZ,粤高速A,路桥
000506.SZ,招金黄金,黄金
000513.SZ,丽珠集团,化学制药
000519.SZ,中兵红箭,专用机械
000528.SZ,柳工,工程机械
000534.SZ,万泽股份,生物制药
000537.SZ,绿发电力,新型电力
000538.SZ,云南白药,中成药
000539.SZ,粤电力A,火力发电
000543.SZ,皖能电力,火力发电
000547.SZ,航天发展,通信设备
000553.SZ,安道麦A,农药化肥
000555.SZ,神州信息,软件服务
000559.SZ,万向钱潮,汽车配件
000563.SZ,陕国投A,多元金融
000564.SZ,供销大集,百货
000568.SZ,泸州老窖,白酒
000581.SZ,威孚高科,汽车配件
000582.SZ,北部湾港,港口
000591.SZ,太阳能,新型电力
000592.SZ,平潭发展,林业
000596.SZ,古井贡酒,白酒
000598.SZ,兴蓉环境,水务
000603.SZ,盛达资源,铅锌
000617.SZ,中油资本,多元金融
000623.SZ,吉林敖东,中成药
000625.SZ,长安汽车,汽车整车
000629.SZ,钒钛股份,小金属
000630.SZ,铜陵有色,铜
000636.SZ,风华高科,元器件
000651.SZ,格力电器,家用电器
000657.SZ,中钨高新,小金属
000661.SZ,长春高新,生物制药
000681.SZ,视觉中国,互联网
000682.SZ,东方电子,电气设备
000683.SZ,博源化工,化工原料
000686.SZ,东北证券,证券
000688.SZ,国城矿业,铅锌
000703.SZ,恒逸石化,化纤
000708.SZ,中信特钢,特种钢
000709.SZ,河钢股份,普钢
000723.SZ,美锦能源,焦炭加工
000725.SZ,京东方A,元器件
000728.SZ,国元证券,证券
000729.SZ,燕京啤酒,啤酒
000733.SZ,振华科技,元器件
000737.SZ,北方铜业,铜
000738.SZ,航发控制,航空
000739.SZ,普洛药业,化学制药
000750.SZ,国海证券,证券
000761.SZ,本钢板材,普钢
000762.SZ,西藏矿业,小金属
000766.SZ,通化金马,化学制药
000768.SZ,中航西飞,航空
000776.SZ,广发证券,证券
000778.SZ,新兴铸管,钢加工
000783.SZ,长江证券,证券
000785.SZ,居然智家,百货
000786.SZ,北新建材,其他建材
000791.SZ,甘肃能源,水力发电
000792.SZ,盐湖股份,农药化肥
000799.SZ,酒鬼酒,白酒
000800.SZ,一汽解放,汽车整车
000801.SZ,四川九洲,家用电器
000807.SZ,云铝股份,铝
000811.SZ,冰轮环境,工程机械
000818.SZ,航锦科技,化工原料
000825.SZ,太钢不锈,特种钢
000830.SZ,鲁西化工,化工原料
000831.SZ,中国稀土,小金属
000858.SZ,五粮液,白酒
000875.SZ,电投绿能,火力发电
000876.SZ,新希望,饲料
000877.SZ,天山股份,水泥
000878.SZ,云南铜业,铜
000883.SZ,湖北能源,水力发电
000887.SZ,中鼎股份,汽车配件
000893.SZ,亚钾国际,农药化肥
000895.SZ,双汇发展,食品
000898.SZ,鞍钢股份,普钢
000901.SZ,航天科技,汽车配件
000902.SZ,新洋丰,农药化肥
000921.SZ,海信家电,家用电器
000927.SZ,中国铁物,仓储物流
000932.SZ,华菱钢铁,普钢
000933.SZ,神火股份,铝
000935.SZ,四川双马,水泥
000937.SZ,冀中能源,煤炭开采
000938.SZ,紫光股份,IT设备
000951.SZ,中国重汽,汽车整车
000958.SZ,电投产融,新型电力
000959.SZ,首钢股份,普钢
000960.SZ,锡业股份,小金属
000962.SZ,东方钽业,小金属
000963.SZ,华东医药,化学制药
000966.SZ,长源电力,火力发电
000967.SZ,盈峰环境,环境保护
000969.SZ,安泰科技,小金属
000970.SZ,中科三环,矿物制品
000973.SZ,佛塑科技,塑料
000975.SZ,山金国际,黄金
000977.SZ,浪潮信息,IT设备
000980.SZ,众泰汽车,汽车配件
000981.SZ,山子高科,汽车配件
000983.SZ,山西焦煤,煤炭开采
000987.SZ,越秀资本,多元金融
000988.SZ,华工科技,专用机械
000997.SZ,新大陆,IT设备
000998.SZ,隆平高科,种植业
000999.SZ,华润三九,中成药
001203.SZ,大中矿业,普钢
001213.SZ,中铁特货,铁路
001267.SZ,汇绿生态,通信设备
001270.SZ,铖昌科技,半导体
001287.SZ,中电港,元器件
001289.SZ,龙源电力,新型电力
001309.SZ,德明利,半导体
001337.SZ,四川黄金,黄金
001389.SZ,广合科技,元器件
001696.SZ,宗申动力,摩托车
001872.SZ,招商港口,港口
001896.SZ,豫能控股,火力发电
001965.SZ,招商公路,路桥
001979.SZ,招商蛇口,全国地产
002001.SZ,新和成,化学制药
002007.SZ,华兰生物,生物制药
002008.SZ,大族激光,专用机械
002010.SZ,传化智联,仓储物流
002015.SZ,协鑫能科,新型电力
002017.SZ,东信和平,通信设备
002025.SZ,航天电器,元器件
002027.SZ,分众传媒,广告包装
002028.SZ,思源电气,电气设备
002031.SZ,巨轮智能,汽车配件
002032.SZ,苏泊尔,家用电器
002044.SZ,美年健康,医疗保健
002046.SZ,国机精工,机械基件
002048.SZ,宁波华翔,汽车配件
002049.SZ,紫光国微,半导体
002050.SZ,三花智控,家用电器
002056.SZ,横店东磁,电气设备
002064.SZ,华峰化学,化纤
002065.SZ,东华软件,软件服务
002074.SZ,国轩高科,电气设备
002078.SZ,太阳纸业,造纸
002080.SZ,中材科技,玻璃
002085.SZ,万丰奥威,汽车配件
002092.SZ,中泰化学,化工原料
002097.SZ,山河智能,工程机械
002120.SZ,韵达股份,仓储物流
002126.SZ,银轮股份,汽车配件
002128.SZ,电投能源,煤炭开采
002129.SZ,TCL中环,电气设备
002130.SZ,沃尔核材,电气设备
002131.SZ,利欧股份,互联网
002138.SZ,顺络电子,元器件
002139.SZ,拓邦股份,元器件
002142.SZ,宁波银行,银行
002145.SZ,钛能化学,化工原料
002149.SZ,西部材料,小金属
002151.SZ,北斗星通,通信设备
002152.SZ,广电运通,IT设备
002153.SZ,石基信息,软件服务
002155.SZ,湖南黄金,黄金
002156.SZ,通富微电,半导体
002157.SZ,正邦科技,农业综合
002163.SZ,海南发展,装修装饰
002171.SZ,楚江新材,铜
002176.SZ,江特电机,小金属
002179.SZ,中航光电,元器件
002180.SZ,奔图科技,IT设备
002181.SZ,粤传媒,出版业
002185.SZ,华天科技,半导体
002190.SZ,成飞集成,汽车配件
002192.SZ,融捷股份,小金属
002195.SZ,岩山科技,软件服务
002202.SZ,金风科技,电气设备
002203.SZ,海亮股份,铜
002217.SZ,合力泰,元器件
002221.SZ,东华能源,石油加工
002222.SZ,福晶科技,元器件
002223.SZ,鱼跃医疗,医疗保健
002226.SZ,江南化工,化工原料
002230.SZ,科大讯飞,软件服务
002236.SZ,大华股份,IT设备
002237.SZ,恒邦股份,黄金
002240.SZ,盛新锂能,小金属
002241.SZ,歌尔股份,元器件
002244.SZ,滨江集团,区域地产
002245.SZ,蔚蓝锂芯,电气设备
002249.SZ,大洋电机,电气设备
002252.SZ,上海莱士,生物制药
002261.SZ,拓维信息,软件服务
002262.SZ,恩华药业,化学制药
002265.SZ,建设工业,专用机械
002266.SZ,浙富控股,环境保护
002268.SZ,电科网安,IT设备
002270.SZ,华明装备,电气设备
002271.SZ,东方雨虹,其他建材
002273.SZ,水晶光电,元器件
002276.SZ,万马股份,电气设备
002281.SZ,光迅科技,通信设备
002287.SZ,奇正藏药,中成药
002290.SZ,禾盛新材,家用电器
002294.SZ,信立泰,化学制药
002299.SZ,圣农发展,农业综合
002304.SZ,洋河股份,白酒
002311.SZ,海大集团,饲料
002312.SZ,川发龙蟒,化工原料
002317.SZ,众生药业,中成药
002318.SZ,久立特材,特种钢
002320.SZ,海峡股份,水运
002326.SZ,永太科技,化工原料
002335.SZ,科华数据,电气设备
002340.SZ,格林美,小金属
002352.SZ,顺丰控股,仓储物流
002353.SZ,杰瑞股份,化工机械
002364.SZ,中恒电气,电气设备
002368.SZ,太极股份,软件服务
002371.SZ,北方华创,半导体
002372.SZ,伟星新材,其他建材
002373.SZ,千方科技,软件服务
002378.SZ,章源钨业,小金属
002379.SZ,宏桥控股,铝
002384.SZ,东山精密,元器件
002385.SZ,大北农,饲料
002389.SZ,航天彩虹,航空
002396.SZ,星网锐捷,通信设备
002399.SZ,海普瑞,化学制药
002400.SZ,省广集团,广告包装
002402.SZ,和而泰,元器件
002405.SZ,四维图新,软件服务
002407.SZ,多氟多,化工原料
002409.SZ,雅克科技,半导体
002410.SZ,广联达,软件服务
002413.SZ,雷科防务,通信设备
002414.SZ,高德红外,电器仪表
002415.SZ,海康威视,IT设备
002416.SZ,爱施德,电器连锁
002422.SZ,科伦药业,化学制药
002423.SZ,中粮资本,多元金融
002428.SZ,云南锗业,小金属
002429.SZ,兆驰股份,家用电器
002430.SZ,杭氧股份,化工机械
002432.SZ,九安医疗,医疗保健
002436.SZ,兴森科技,元器件
002444.SZ,巨星科技,轻工机械
002456.SZ,欧菲光,元器件
002459.SZ,晶澳科技,电气设备
002460.SZ,赣锋锂业,小金属
002461.SZ,珠江啤酒,啤酒
002463.SZ,沪电股份,元器件
002465.SZ,海格通信,通信设备
002466.SZ,天齐锂业,小金属
002468.SZ,申通快递,仓储物流
002472.SZ,双环传动,汽车配件
002475.SZ,立讯精密,元器件
002484.SZ,江海股份,元器件
002487.SZ,大金重工,电气设备
002488.SZ,金固股份,汽车配件
002491.SZ,通鼎互联,通信设备
002493.SZ,荣盛石化,化纤
002497.SZ,雅化集团,小金属
002498.SZ,汉缆股份,电气设备
002500.SZ,山西证券,证券
002506.SZ,协鑫集成,电气设备
002507.SZ,涪陵榨菜,食品
002508.SZ,老板电器,家用电器
002517.SZ,恺英网络,互联网
002518.SZ,科士达,电气设备
002531.SZ,天顺风能,电气设备
002532.SZ,天山铝业,铝
002536.SZ,飞龙股份,汽车配件
002544.SZ,普天科技,通信设备
002545.SZ,东方铁塔,农药化肥
002549.SZ,凯美特气,环境保护
002552.SZ,宝鼎科技,元器件
002555.SZ,三七互娱,互联网
002558.SZ,巨人网络,互联网
002565.SZ,顺灏股份,造纸
002568.SZ,百润股份,红黄酒
002583.SZ,海能达,通信设备
002594.SZ,比亚迪,汽车整车
002595.SZ,豪迈科技,专用机械
002597.SZ,金禾实业,食品
002600.SZ,领益智造,元器件
002601.SZ,龙佰集团,化工原料
002602.SZ,世纪华通,互联网
002603.SZ,以岭药业,中成药
002607.SZ,中公教育,文教休闲
002608.SZ,江苏国信,火力发电
002611.SZ,东方精工,轻工机械
002617.SZ,露笑科技,电气设备
002624.SZ,完美世界,互联网
002625.SZ,光启技术,航空
002636.SZ,金安国纪,元器件
002648.SZ,卫星化学,化工原料
002653.SZ,海思科,化学制药
002670.SZ,国盛证券,证券
002673.SZ,西部证券,证券
002683.SZ,广东宏大,化工原料
002701.SZ,奥瑞金,广告包装
002709.SZ,天赐材料,化工原料
002714.SZ,牧原股份,农业综合
002716.SZ,湖南白银,小金属
002736.SZ,国信证券,证券
002738.SZ,中矿资源,小金属
002739.SZ,儒意电影,影视音像
002747.SZ,埃斯顿,机械基件
002755.SZ,奥赛康,化学制药
002756.SZ,永兴材料,小金属
002759.SZ,天际股份,电气设备
002773.SZ,康弘药业,化学制药
002779.SZ,中坚科技,农用机械
002797.SZ,第一创业,证券
002812.SZ,恩捷股份,电气设备
002821.SZ,凯莱英,生物制药
002831.SZ,裕同科技,广告包装
002837.SZ,英维克,专用机械
002841.SZ,视源股份,元器件
002847.SZ,盐津铺子,食品
002850.SZ,科达利,电气设备
002851.SZ,麦格米特,电气设备
002859.SZ,洁美科技,元器件
002865.SZ,钧达股份,电气设备
002867.SZ,周大生,服饰
002891.SZ,中宠股份,饲料
002895.SZ,川恒股份,化工原料
002896.SZ,中大力德,机械基件
002906.SZ,华阳集团,汽车配件
002911.SZ,佛燃能源,供气供热
002916.SZ,深南电路,元器件
002920.SZ,德赛西威,汽车配件
002926.SZ,华西证券,证券
002936.SZ,郑州银行,银行
002938.SZ,鹏鼎控股,元器件
002939.SZ,长城证券,证券
002945.SZ,华林证券,证券
002946.SZ,新乳业,乳制品
002948.SZ,青岛银行,银行
002957.SZ,科瑞技术,专用机械
002958.SZ,青农商行,银行
002966.SZ,苏州银行,银行
002969.SZ,嘉美包装,广告包装
002975.SZ,博杰股份,专用机械
002984.SZ,森麒麟,汽车配件
002987.SZ,京北方,软件服务
003021.SZ,兆威机电,元器件
003022.SZ,联泓新科,化工原料
003031.SZ,中瓷电子,元器件
003035.SZ,南网能源,新型电力
003816.SZ,中国广核,新型电力
300001.SZ,特锐德,电气设备
300002.SZ,神州泰岳,互联网
300003.SZ,乐普医疗,医疗保健
300007.SZ,汉威科技,电器仪表
300009.SZ,安科生物,生物制药
300010.SZ,ST豆神,软件服务
300012.SZ,华测检测,电器仪表
300014.SZ,亿纬锂能,电气设备
300015.SZ,爱尔眼科,医疗保健
300017.SZ,网宿科技,软件服务
300024.SZ,机器人,专用机械
300033.SZ,同花顺,软件服务
300037.SZ,新宙邦,化工原料
300049.SZ,福瑞医科,医疗保健
300054.SZ,鼎龙股份,化工原料
300058.SZ,蓝色光标,广告包装
300059.SZ,东方财富,证券
300068.SZ,ST南都,电气设备
300070.SZ,碧水源,环境保护
300073.SZ,当升科技,电气设备
300077.SZ,国民技术,半导体
300085.SZ,银之杰,软件服务
300088.SZ,长信科技,元器件
300100.SZ,双林股份,汽车配件
300102.SZ,乾照光电,半导体
300115.SZ,长盈精密,元器件
300122.SZ,智飞生物,生物制药
300124.SZ,汇川技术,电器仪表
300130.SZ,新国都,IT设备
300136.SZ,信维通信,元器件
300142.SZ,沃森生物,生物制药
300144.SZ,宋城演艺,旅游景点
300146.SZ,汤臣倍健,食品
300170.SZ,汉得信息,软件服务
300180.SZ,华峰超纤,化纤
300199.SZ,翰宇药业,化学制药
300201.SZ,海伦哲,工程机械
300204.SZ,舒泰神,生物制药
300207.SZ,欣旺达,电气设备
300209.SZ,行云科技,互联网
300212.SZ,*ST易录,软件服务
300223.SZ,北京君正,半导体
300224.SZ,正海磁材,矿物制品
300229.SZ,拓尔思,软件服务
300236.SZ,上海新阳,半导体
300251.SZ,光线传媒,影视音像
300253.SZ,卫宁健康,软件服务
300255.SZ,常山药业,生物制药
300257.SZ,开山股份,机械基件
300260.SZ,新莱应材,机械基件
300274.SZ,阳光电源,电气设备
300285.SZ,国瓷材料,陶瓷
300290.SZ,荣科科技,软件服务
300294.SZ,博雅生物,生物制药
300296.SZ,利亚德,元器件
300308.SZ,中际旭创,通信设备
300315.SZ,掌趣科技,互联网
300316.SZ,晶盛机电,专用机械
300339.SZ,润和软件,软件服务
300342.SZ,天银机电,家用电器
300346.SZ,南大光电,半导体
300347.SZ,泰格医药,医疗保健
300364.SZ,中文在线,出版业
300373.SZ,扬杰科技,半导体
300377.SZ,赢时胜,软件服务
300383.SZ,光环新网,软件服务
300390.SZ,天华新能,电气设备
300394.SZ,天孚通信,通信设备
300395.SZ,菲利华,玻璃
300398.SZ,飞凯材料,化工原料
300408.SZ,三环集团,元器件
300409.SZ,道氏技术,电气设备
300413.SZ,芒果超媒,影视音像
300418.SZ,昆仑万维,互联网
300432.SZ,富临精工,汽车配件
300433.SZ,蓝思科技,元器件
300436.SZ,广生堂,化学制药
300438.SZ,鹏辉能源,电气设备
300442.SZ,润泽科技,软件服务
300450.SZ,先导智能,专用机械
300454.SZ,深信服,软件服务
300455.SZ,航天智装,IT设备
300456.SZ,赛微电子,半导体
300457.SZ,赢合科技,专用机械
300458.SZ,全志科技,半导体
300459.SZ,汤姆猫,互联网
300468.SZ,四方精创,软件服务
300469.SZ,信息发展,软件服务
300474.SZ,景嘉微,元器件
300475.SZ,香农芯创,元器件
300476.SZ,胜宏科技,元器件
300487.SZ,蓝晓科技,化工原料
300489.SZ,光智科技,专用机械
300496.SZ,中科创达,软件服务
300498.SZ,温氏股份,农业综合
300502.SZ,新易盛,通信设备
300548.SZ,长芯博创,通信设备
300558.SZ,贝达药业,化学制药
300567.SZ,精测电子,电器仪表
300568.SZ,星源材质,化工原料
300570.SZ,太辰光,通信设备
300601.SZ,康泰生物,生物制药
300604.SZ,长川科技,半导体
300620.SZ,光库科技,通信设备
300623.SZ,捷捷微电,半导体
300627.SZ,华测导航,通信设备
300628.SZ,亿联网络,通信设备
300633.SZ,开立医疗,医疗保健
300638.SZ,广和通,通信设备
300655.SZ,晶瑞电材,半导体
300657.SZ,弘信电子,元器件
300660.SZ,江苏雷利,电气设备
300661.SZ,圣邦股份,半导体
300666.SZ,江丰电子,半导体
300672.SZ,国科微,半导体
300674.SZ,宇信科技,软件服务
300676.SZ,华大基因,医疗保健
300677.SZ,英科医疗,医疗保健
300679.SZ,电连技术,元器件
300682.SZ,朗新科技,软件服务
300699.SZ,光威复材,化纤
300718.SZ,长盛轴承,机械基件
300723.SZ,一品红,化学制药
300724.SZ,捷佳伟创,专用机械
300735.SZ,光弘科技,元器件
300738.SZ,奥飞数据,软件服务
300747.SZ,锐科激光,专用机械
300748.SZ,金力永磁,矿物制品
300750.SZ,宁德时代,电气设备
300751.SZ,迈为股份,专用机械
300757.SZ,罗博特科,专用机械
300759.SZ,康龙化成,化学制药
300760.SZ,迈瑞医疗,医疗保健
300762.SZ,上海瀚讯,通信设备
300763.SZ,锦浪科技,电气设备
300765.SZ,新诺威,食品
300773.SZ,拉卡拉,软件服务
300775.SZ,三角防务,航空
300776.SZ,帝尔激光,专用机械
300777.SZ,中简科技,化纤
300779.SZ,惠城环保,环境保护
300782.SZ,卓胜微,半导体
300803.SZ,指南针,软件服务
300806.SZ,斯迪克,塑料
300811.SZ,铂科新材,矿物制品
300814.SZ,中富电路,元器件
300821.SZ,东岳硅材,化工原料
300832.SZ,新产业,医疗保健
300857.SZ,协创数据,IT设备
300866.SZ,安克创新,元器件
300870.SZ,欧陆通,电气设备
300888.SZ,稳健医疗,医疗保健
300896.SZ,爱美客,医疗保健
300903.SZ,科翔股份,元器件
300919.SZ,中伟新材,电气设备
300953.SZ,震裕科技,电气设备
300957.SZ,贝泰妮,日用化工
300972.SZ,万辰集团,食品
300979.SZ,华利集团,服饰
300999.SZ,金龙鱼,食品
301005.SZ,超捷股份,汽车配件
301018.SZ,申菱环境,专用机械
301035.SZ,润丰股份,农药化肥
301078.SZ,孩子王,其他商业
301091.SZ,深城交,建筑工程
301093.SZ,华兰股份,医疗保健
301165.SZ,锐捷网络,通信设备
301171.SZ,易点天下,互联网
301200.SZ,大族数控,专用机械
301205.SZ,联特科技,通信设备
301217.SZ,铜冠铜箔,元器件
301219.SZ,腾远钴业,小金属
301236.SZ,软通动力,软件服务
301238.SZ,瑞泰新材,化工原料
301269.SZ,华大九天,半导体
301285.SZ,鸿日达,元器件
301308.SZ,江波龙,半导体
301316.SZ,慧博云通,软件服务
301358.SZ,湖南裕能,电气设备
301377.SZ,鼎泰高科,机械基件
301389.SZ,隆扬电子,元器件
301396.SZ,宏景科技,软件服务
301498.SZ,乖宝宠物,饲料
301511.SZ,德福科技,电气设备
301526.SZ,国际复材,玻璃
301550.SZ,斯菱智驱,汽车配件
301666.SZ,大普微,IT设备
302132.SZ,中航成飞,航空
600000.SH,浦发银行,银行
600004.SH,白云机场,机场
600006.SH,东风股份,汽车整车
600007.SH,中国国贸,园区开发
600008.SH,首创环保,水务
600009.SH,上海机场,机场
600010.SH,包钢股份,普钢
600011.SH,华能国际,火力发电
600012.SH,皖通高速,路桥
600015.SH,华夏银行,银行
600016.SH,民生银行,银行
600018.SH,上港集团,港口
600019.SH,宝钢股份,普钢
600021.SH,上海电力,火力发电
600022.SH,山东钢铁,普钢
600023.SH,浙能电力,火力发电
600025.SH,华能水电,水力发电
600026.SH,中远海能,水运
600027.SH,华电国际,火力发电
600028.SH,中国石化,石油加工
600029.SH,南方航空,空运
600030.SH,中信证券,证券
600031.SH,三一重工,工程机械
600032.SH,浙江新能,新型电力
600036.SH,招商银行,银行
600038.SH,中直股份,航空
600039.SH,四川路桥,建筑工程
600048.SH,保利发展,全国地产
600050.SH,中国联通,电信运营
600056.SH,中国医药,医药商业
600057.SH,厦门象屿,仓储物流
600060.SH,海信视像,家用电器
600061.SH,国投资本,证券
600062.SH,华润双鹤,化学制药
600066.SH,宇通客车,汽车整车
600072.SH,中船科技,电气设备
600079.SH,ST人福,化学制药
600085.SH,同仁堂,中成药
600089.SH,特变电工,电气设备
600095.SH,湘财股份,证券
600096.SH,云天化,农药化肥
600098.SH,广州发展,火力发电
600100.SH,同方股份,IT设备
600104.SH,上汽集团,汽车整车
600105.SH,永鼎股份,通信设备
600109.SH,国金证券,证券
600110.SH,诺德股份,电气设备
600111.SH,北方稀土,小金属
600113.SH,浙江东日,区域地产
600114.SH,东睦股份,机械基件
600115.SH,中国东航,空运
600118.SH,中国卫星,航空
600120.SH,浙江东方,多元金融
600126.SH,杭钢股份,普钢
600131.SH,国网信通,通信设备
600132.SH,重庆啤酒,啤酒
600141.SH,兴发集团,农药化肥
600143.SH,金发科技,塑料
600150.SH,中国船舶,船舶
600151.SH,航天机电,汽车配件
600153.SH,建发股份,仓储物流
600155.SH,华创云信,证券
600157.SH,永泰能源,火力发电
600160.SH,巨化股份,化工原料
600161.SH,天坛生物,生物制药
600166.SH,福田汽车,汽车整车
600167.SH,联美控股,供气供热
600170.SH,上海建工,建筑工程
600171.SH,上海贝岭,半导体
600176.SH,中国巨石,玻璃
600177.SH,雅戈尔,服饰
600179.SH,安通控股,水运
600183.SH,生益科技,元器件
600186.SH,莲花控股,食品
600188.SH,兖矿能源,煤炭开采
600196.SH,复星医药,化学制药
600201.SH,生物股份,农业综合
600206.SH,有研新材,半导体
600208.SH,衢州发展,全国地产
600216.SH,浙江医药,化学制药
600219.SH,南山铝业,铝
600221.SH,海航控股,空运
600226.SH,亨通股份,供气供热
600233.SH,圆通速递,仓储物流
600236.SH,桂冠电力,水力发电
600246.SH,万通发展,区域地产
600248.SH,陕建股份,建筑工程
600256.SH,广汇能源,石油开采
600258.SH,首旅酒店,酒店餐饮
600259.SH,中稀有色,小金属
600271.SH,航天信息,软件服务
600276.SH,恒瑞医药,化学制药
600282.SH,南钢股份,普钢
600285.SH,羚锐制药,中成药
600295.SH,鄂尔多斯,特种钢
600298.SH,安琪酵母,食品
600299.SH,安迪苏,饲料
600309.SH,万华化学,化工原料
600312.SH,平高电气,电气设备
600315.SH,上海家化,日用化工
600316.SH,洪都航空,航空
600320.SH,振华重工,专用机械
600323.SH,瀚蓝环境,环境保护
600325.SH,华发股份,区域地产
600326.SH,西藏天路,水泥
600329.SH,达仁堂,中成药
600330.SH,天通股份,专用机械
600331.SH,宏达股份,农药化肥
600332.SH,白云山,中成药
600338.SH,西藏珠峰,铅锌
600339.SH,中油工程,石油开采
600343.SH,航天动力,机械基件
600346.SH,恒力石化,石油加工
600348.SH,华阳股份,煤炭开采
600350.SH,山东高速,路桥
600352.SH,浙江龙盛,染料涂料
600361.SH,创新新材,铝
600362.SH,江西铜业,铜
600363.SH,联创光电,元器件
600366.SH,宁波韵升,矿物制品
600369.SH,西南证券,证券
600372.SH,中航机载,航空
600373.SH,中文传媒,出版业
600376.SH,首开股份,区域地产
600377.SH,宁沪高速,路桥
600378.SH,昊华科技,化工原料
600380.SH,健康元,化学制药
600383.SH,金地集团,全国地产
600388.SH,龙净环保,环境保护
600390.SH,五矿资本,多元金融
600392.SH,盛和资源,小金属
600396.SH,华电辽能,火力发电
600397.SH,江钨装备,专用机械
600398.SH,海澜之家,服饰
600403.SH,大有能源,煤炭开采
600406.SH,国电南瑞,电气设备
600410.SH,华胜天成,软件服务
600415.SH,小商品城,商品城
600416.SH,湘电股份,电气设备
600418.SH,江淮汽车,汽车整车
600420.SH,国药现代,化学制药
600426.SH,华鲁恒升,农药化肥
600428.SH,中远海特,水运
600435.SH,北方导航,专用机械
600436.SH,片仔癀,中成药
600438.SH,通威股份,电气设备
600446.SH,金证股份,软件服务
600452.SH,涪陵电力,水力发电
600456.SH,宝钛股份,小金属
600459.SH,贵研铂业,小金属
600460.SH,士兰微,半导体
600475.SH,华光环能,电气设备
600480.SH,凌云股份,汽车配件
600482.SH,中国动力,船舶
600483.SH,福能股份,新型电力
600486.SH,扬农化工,农药化肥
600487.SH,亨通光电,通信设备
600489.SH,中金黄金,黄金
600490.SH,鹏欣资源,铜
600497.SH,驰宏锌锗,铅锌
600498.SH,烽火通信,通信设备
600499.SH,科达制造,专用机械
600500.SH,中化国际,塑料
600511.SH,国药股份,医药商业
600515.SH,海南机场,机场
600516.SH,方大炭素,矿物制品
600517.SH,国网英大,多元金融
600518.SH,康美药业,中成药
600519.SH,贵州茅台,白酒
600521.SH,华海药业,化学制药
600522.SH,中天科技,通信设备
600528.SH,中铁工业,运输设备
600529.SH,山东药玻,医疗保健
600531.SH,豫光金铅,铅锌
600535.SH,天士力,中成药
600536.SH,中国软件,软件服务
600546.SH,山煤国际,煤炭开采
600547.SH,山东黄金,黄金
600548.SH,深高速,路桥
600549.SH,厦门钨业,小金属
600550.SH,保变电气,电气设备
600559.SH,老白干酒,白酒
600562.SH,国睿科技,通信设备
600563.SH,法拉电子,元器件
600566.SH,济川药业,中成药
600570.SH,恒生电子,软件服务
600575.SH,淮河能源,火力发电
600577.SH,精达股份,电气设备
600578.SH,京能电力,火力发电
600580.SH,卧龙电驱,电气设备
600582.SH,天地科技,专用机械
600583.SH,海油工程,石油开采
600584.SH,长电科技,半导体
600585.SH,海螺水泥,水泥
600588.SH,用友网络,软件服务
600595.SH,中孚实业,铝
600598.SH,北大荒,种植业
600600.SH,青岛啤酒,啤酒
600601.SH,方正科技,元器件
600602.SH,云赛智联,软件服务
600606.SH,绿地控股,全国地产
600612.SH,老凤祥,服饰
600619.SH,海立股份,家用电器
600621.SH,华鑫股份,证券
600623.SH,华谊集团,化工原料
600629.SH,华建集团,建筑工程
600633.SH,浙数文化,互联网
600635.SH,大众公用,供气供热
600637.SH,东方明珠,影视音像
600641.SH,先导基电,半导体
600642.SH,申能股份,火力发电
600651.SH,飞乐音响,电器仪表
600655.SH,豫园股份,百货
600660.SH,福耀玻璃,汽车配件
600663.SH,陆家嘴,园区开发
600667.SH,太极实业,半导体
600673.SH,东阳光,综合类
600674.SH,川投能源,水力发电
600675.SH,中华企业,区域地产
600685.SH,中船防务,船舶
600688.SH,上海石化,石油加工
600690.SH,海尔智家,家用电器
600699.SH,均胜电子,汽车配件
600702.SH,舍得酒业,白酒
600703.SH,三安光电,半导体
600704.SH,物产中大,仓储物流
600707.SH,彩虹股份,元器件
600711.SH,盛屯矿业,小金属
600717.SH,天津港,港口
600726.SH,华电能源,火力发电
600732.SH,爱旭股份,电气设备
600733.SH,北汽蓝谷,汽车整车
600737.SH,中粮糖业,食品
600739.SH,辽宁成大,生物制药
600741.SH,华域汽车,汽车配件
600745.SH,*ST闻泰,半导体
600750.SH,华润江中,中成药
600754.SH,锦江酒店,酒店餐饮
600755.SH,厦门国贸,仓储物流
600759.SH,ST洲际,石油开采
600760.SH,中航沈飞,航空
600761.SH,安徽合力,工程机械
600763.SH,通策医疗,医疗保健
600764.SH,中国海防,船舶
600765.SH,中航重机,航空
600773.SH,西藏城投,区域地产
600779.SH,水井坊,白酒
600783.SH,鲁信创投,专用机械
600787.SH,中储股份,仓储物流
600795.SH,国电电力,火力发电
600801.SH,华新建材,水泥
600803.SH,新奥股份,供气供热
600808.SH,马钢股份,普钢
600809.SH,山西汾酒,白酒
600816.SH,建元信托,多元金融
600820.SH,隧道股份,建筑工程
600827.SH,百联股份,超市连锁
600835.SH,上海机电,运输设备
600839.SH,四川长虹,家用电器
600845.SH,宝信软件,软件服务
600848.SH,上海临港,园区开发
600850.SH,电科数字,软件服务
600859.SH,王府井,百货
600862.SH,中航高科,航空
600863.SH,华能蒙电,火力发电
600864.SH,哈投股份,证券
600867.SH,通化东宝,生物制药
600869.SH,远东股份,电气设备
600871.SH,石化油服,石油开采
600872.SH,中炬高新,食品
600873.SH,梅花生物,食品
600875.SH,东方电气,电气设备
600877.SH,电科芯片,半导体
600879.SH,航天电子,航空
600882.SH,妙可蓝多,乳制品
600884.SH,杉杉股份,电气设备
600885.SH,宏发股份,电气设备
600886.SH,国投电力,水力发电
600887.SH,伊利股份,乳制品
600893.SH,航发动力,航空
600895.SH,张江高科,园区开发
600900.SH,长江电力,水力发电
600901.SH,江苏金租,多元金融
600905.SH,三峡能源,新型电力
600906.SH,财达证券,证券
600909.SH,华安证券,证券
600916.SH,中国黄金,服饰
600918.SH,中泰证券,证券
600919.SH,江苏银行,银行
600926.SH,杭州银行,银行
600927.SH,永安期货,多元金融
600928.SH,西安银行,银行
600930.SH,华电新能,新型电力
600933.SH,爱柯迪,汽车配件
600938.SH,中国海油,石油开采
600941.SH,中国移动,电信运营
600956.SH,新天绿能,供气供热
600958.SH,东方证券,证券
600959.SH,江苏有线,影视音像
600961.SH,株冶集团,铅锌
600967.SH,内蒙一机,运输设备
600968.SH,海油发展,石油开采
600970.SH,中材国际,建筑工程
600977.SH,中国电影,影视音像
600985.SH,淮北矿业,煤炭开采
600986.SH,浙文互联,互联网
600988.SH,赤峰黄金,黄金
600989.SH,宝丰能源,化工原料
600995.SH,南网储能,水力发电
600998.SH,九州通,医药商业
600999.SH,招商证券,证券
601000.SH,唐山港,港口
601001.SH,晋控煤业,煤炭开采
601003.SH,柳钢股份,普钢
601006.SH,大秦铁路,铁路
601009.SH,南京银行,银行
601012.SH,隆基绿能,电气设备
601016.SH,节能风电,新型电力
601018.SH,宁波港,港口
601019.SH,山东出版,出版业
601020.SH,华钰矿业,铅锌
601021.SH,春秋航空,空运
601058.SH,赛轮轮胎,汽车配件
601059.SH,信达证券,证券
601061.SH,中信金属,商贸代理
601066.SH,中信建投,证券
601069.SH,西部黄金,黄金
601077.SH,渝农商行,银行
601088.SH,中国神华,煤炭开采
601098.SH,中南传媒,出版业
601099.SH,太平洋,证券
601100.SH,恒立液压,工程机械
601106.SH,中国一重,工程机械
601107.SH,四川成渝,路桥
601108.SH,财通证券,证券
601111.SH,中国国航,空运
601117.SH,中国化学,建筑工程
601118.SH,海南橡胶,橡胶
601126.SH,四方股份,电气设备
601127.SH,赛力斯,汽车整车
601128.SH,常熟银行,银行
601136.SH,首创证券,证券
601137.SH,博威合金,小金属
601138.SH,工业富联,通信设备
601139.SH,深圳燃气,供气供热
601155.SH,新城控股,区域地产
601156.SH,东航物流,仓储物流
601158.SH,重庆水务,水务
601162.SH,天风证券,证券
601166.SH,兴业银行,银行
601168.SH,西部矿业,铜
601169.SH,北京银行,银行
601179.SH,中国西电,电气设备
601186.SH,中国铁建,建筑工程
601187.SH,厦门银行,银行
601198.SH,东兴证券,证券
601208.SH,东材科技,化工原料
601211.SH,国泰海通,证券
601212.SH,白银有色,铜
601216.SH,君正集团,化工原料
601225.SH,陕西煤业,煤炭开采
601228.SH,广州港,港口
601229.SH,上海银行,银行
601231.SH,环旭电子,元器件
601233.SH,桐昆股份,化纤
601236.SH,红塔证券,证券
601238.SH,广汽集团,汽车整车
601288.SH,农业银行,银行
601298.SH,青岛港,港口
601318.SH,中国平安,保险
601319.SH,中国人保,保险
601326.SH,秦港股份,港口
601328.SH,交通银行,银行
601333.SH,广深铁路,铁路
601336.SH,新华保险,保险
601360.SH,三六零,互联网
601369.SH,陕鼓动力,机械基件
601375.SH,中原证券,证券
601377.SH,兴业证券,证券
601390.SH,中国中铁,建筑工程
601398.SH,工商银行,银行
601399.SH,国机重装,工程机械
601456.SH,国联民生,证券
601519.SH,大智慧,软件服务
601555.SH,东吴证券,证券
601567.SH,三星电气,电气设备
601568.SH,北元化工,化工原料
601577.SH,长沙银行,银行
601595.SH,上海电影,影视音像
601598.SH,中国外运,仓储物流
601600.SH,中国铝业,铝
601601.SH,中国太保,保险
601606.SH,长城军工,专用机械
601607.SH,上海医药,医药商业
601608.SH,中信重工,专用机械
601609.SH,金田股份,铜
601611.SH,中国核建,建筑工程
601615.SH,明阳智能,电气设备
601618.SH,中国中冶,建筑工程
601628.SH,中国人寿,保险
601633.SH,长城汽车,汽车整车
601636.SH,旗滨集团,玻璃
601658.SH,邮储银行,银行
601665.SH,齐鲁银行,银行
601666.SH,平煤股份,煤炭开采
601668.SH,中国建筑,建筑工程
601669.SH,中国电建,建筑工程
601677.SH,明泰铝业,铝
601688.SH,华泰证券,证券
601689.SH,拓普集团,汽车配件
601696.SH,中银证券,证券
601698.SH,中国卫通,电信运营
601699.SH,潞安环能,煤炭开采
601702.SH,华峰铝业,铝
601717.SH,中创智领,专用机械
601718.SH,ST际华,服饰
601727.SH,上海电气,电气设备
601728.SH,中国电信,电信运营
601766.SH,中国中车,运输设备
601777.SH,千里科技,摩托车
601778.SH,晶科科技,新型电力
601788.SH,光大证券,证券
601799.SH,星宇股份,汽车配件
601800.SH,中国交建,建筑工程
601808.SH,中海油服,石油开采
601816.SH,京沪高铁,铁路
601818.SH,光大银行,银行
601825.SH,沪农商行,银行
601827.SH,三峰环境,环境保护
601838.SH,成都银行,银行
601857.SH,中国石油,石油开采
601858.SH,中国科传,出版业
601865.SH,福莱特,玻璃
601866.SH,中远海发,水运
601868.SH,中国能建,建筑工程
601869.SH,长飞光纤,通信设备
601872.SH,招商轮船,水运
601877.SH,正泰电器,电气设备
601878.SH,浙商证券,证券
601880.SH,辽港股份,港口
601881.SH,中国银河,证券
601888.SH,中国中免,旅游服务
601898.SH,中煤能源,煤炭开采
601899.SH,紫金矿业,铜
601900.SH,南方传媒,出版业
601901.SH,方正证券,证券
601916.SH,浙商银行,银行
601918.SH,新集能源,煤炭开采
601919.SH,中远海控,水运
601921.SH,浙版传媒,出版业
601928.SH,凤凰传媒,出版业
601933.SH,永辉超市,超市连锁
601939.SH,建设银行,银行
601952.SH,苏垦农发,种植业
601958.SH,金钼股份,小金属
601963.SH,重庆银行,银行
601965.SH,中国汽研,汽车服务
601966.SH,玲珑轮胎,汽车配件
601969.SH,海南矿业,普钢
601975.SH,招商南油,水运
601985.SH,中国核电,新型电力
601988.SH,中国银行,银行
601989.SH,601989.SH,
601990.SH,南京证券,证券
601991.SH,大唐发电,火力发电
601995.SH,中金公司,证券
601997.SH,贵阳银行,银行
601998.SH,中信银行,银行
603000.SH,人民网,互联网
603002.SH,宏昌电子,化工原料
603005.SH,晶方科技,半导体
603009.SH,北特科技,汽车配件
603019.SH,中科曙光,IT设备
603025.SH,大豪科技,纺织机械
603026.SH,石大胜华,化工原料
603031.SH,安孚科技,电气设备
603039.SH,泛微网络,软件服务
603056.SH,603056.SH,
603061.SH,金海通,半导体
603063.SH,禾望电气,电气设备
603067.SH,振华股份,化工原料
603077.SH,和邦生物,化工原料
603083.SH,剑桥科技,通信设备
603087.SH,甘李药业,生物制药
603115.SH,海星股份,铝
603119.SH,浙江荣泰,汽车配件
603127.SH,昭衍新药,医疗保健
603129.SH,春风动力,摩托车
603132.SH,金徽股份,铅锌
603156.SH,养元饮品,软饮料
603160.SH,汇顶科技,半导体
603171.SH,税友股份,软件服务
603179.SH,新泉股份,汽车配件
603185.SH,弘元绿能,电气设备
603186.SH,华正新材,元器件
603195.SH,公牛集团,家用电器
603198.SH,迎驾贡酒,白酒
603225.SH,新凤鸣,化纤
603228.SH,景旺电子,元器件
603233.SH,大参林,医药商业
603236.SH,移远通信,通信设备
603256.SH,宏和科技,玻璃
603259.SH,药明康德,化学制药
603260.SH,合盛硅业,化工原料
603268.SH,松发股份,船舶
603288.SH,海天味业,食品
603290.SH,斯达半导,半导体
603296.SH,华勤技术,元器件
603298.SH,杭叉集团,工程机械
603300.SH,海南华铁,多元金融
603301.SH,振德医疗,医疗保健
603305.SH,旭升集团,汽车配件
603306.SH,华懋科技,汽车配件
603308.SH,应流股份,机械基件
603337.SH,杰克科技,纺织机械
603338.SH,浙江鼎力,工程机械
603345.SH,安井食品,食品
603355.SH,莱克电气,家用电器
603358.SH,华达科技,汽车配件
603360.SH,百傲化学,农药化肥
603369.SH,今世缘,白酒
603379.SH,三美股份,化工原料
603392.SH,万泰生物,生物制药
603444.SH,吉比特,互联网
603456.SH,九洲药业,医疗保健
603486.SH,科沃斯,家用电器
603501.SH,豪威集团,半导体
603516.SH,淳中科技,IT设备
603529.SH,爱玛科技,摩托车
603530.SH,神马电力,电气设备
603556.SH,海兴电力,电器仪表
603565.SH,中谷物流,水运
603568.SH,伟明环保,环境保护
603583.SH,捷昌驱动,电气设备
603588.SH,高能环境,环境保护
603589.SH,口子窖,白酒
603596.SH,伯特利,汽车配件
603601.SH,再升科技,玻璃
603605.SH,珀莱雅,日用化工
603606.SH,东方电缆,电气设备
603613.SH,国联股份,互联网
603618.SH,杭电股份,电气设备
603629.SH,利通电子,元器件
603638.SH,艾迪精密,专用机械
603650.SH,彤程新材,化工原料
603658.SH,安图生物,医疗保健
603659.SH,璞泰来,化工原料
603662.SH,柯力传感,电器仪表
603663.SH,三祥新材,小金属
603667.SH,五洲新春,机械基件
603678.SH,火炬电子,元器件
603688.SH,石英股份,矿物制品
603693.SH,江苏新能,新型电力
603698.SH,航天工程,专用机械
603699.SH,纽威股份,机械基件
603707.SH,健友股份,生物制药
603712.SH,七一二,通信设备
603728.SH,鸣志电器,电气设备
603730.SH,岱美股份,汽车配件
603733.SH,仙鹤股份,造纸
603737.SH,三棵树,染料涂料
603766.SH,隆鑫通用,摩托车
603773.SH,沃格光电,元器件
603786.SH,科博达,汽车配件
603799.SH,华友钴业,小金属
603806.SH,福斯特,塑料
603816.SH,顾家家居,家居用品
603826.SH,坤彩科技,染料涂料
603833.SH,欧派家居,家居用品
603858.SH,步长制药,中成药
603868.SH,飞科电器,家用电器
603871.SH,嘉友国际,仓储物流
603876.SH,鼎胜新材,铝
603881.SH,数据港,软件服务
603882.SH,金域医学,医疗保健
603883.SH,老百姓,医药商业
603885.SH,吉祥航空,空运
603893.SH,瑞芯微,半导体
603899.SH,晨光股份,文教休闲
603920.SH,世运电路,元器件
603927.SH,中科软,软件服务
603929.SH,亚翔集成,装修装饰
603939.SH,益丰药房,医药商业
603950.SH,长源东谷,汽车配件
603979.SH,金诚信,铜
603983.SH,丸美生物,日用化工
603986.SH,兆易创新,半导体
603992.SH,松霖科技,家居用品
603993.SH,洛阳钼业,小金属
603997.SH,继峰股份,汽车配件
605090.SH,九丰能源,供气供热
605099.SH,共创草坪,文教休闲
605111.SH,新洁能,半导体
605117.SH,德业股份,电气设备
605118.SH,力鼎光电,元器件
605196.SH,华通线缆,电气设备
605198.SH,安德利,软饮料
605296.SH,神农集团,农业综合
605358.SH,立昂微,半导体
605376.SH,博迁新材,小金属
605499.SH,东鹏饮料,软饮料
605589.SH,圣泉集团,化工原料
605599.SH,菜百股份,服饰
688001.SH,华兴源创,专用机械
688002.SH,睿创微纳,通信设备
688003.SH,天准科技,专用机械
688005.SH,容百科技,电气设备
688006.SH,杭可科技,电气设备
688008.SH,澜起科技,半导体
688009.SH,中国通号,运输设备
688012.SH,中微公司,半导体
688017.SH,绿的谐波,机械基件
688018.SH,乐鑫科技,半导体
688019.SH,安集科技,半导体
688025.SH,杰普特,专用机械
688027.SH,国盾量子,通信设备
688029.SH,南微医学,医疗保健
688031.SH,星环科技,软件服务
688036.SH,传音控股,通信设备
688037.SH,芯源微,半导体
688041.SH,海光信息,半导体
688047.SH,龙芯中科,半导体
688048.SH,长光华芯,半导体
688050.SH,爱博医疗,医疗保健
688052.SH,纳芯微,半导体
688063.SH,派能科技,电气设备
688065.SH,凯赛生物,化工原料
688068.SH,热景生物,医疗保健
688072.SH,拓荆科技,半导体
688082.SH,盛美上海,半导体
688088.SH,虹软科技,软件服务
688091.SH,上海谊众,化学制药
688097.SH,博众精工,专用机械
688099.SH,晶晨股份,半导体
688100.SH,威胜信息,通信设备
688102.SH,斯瑞新材,铜
688110.SH,东芯股份,半导体
688111.SH,金山办公,软件服务
688114.SH,华大智造,医疗保健
688116.SH,天奈科技,化工原料
688120.SH,华海清科,半导体
688122.SH,西部超导,小金属
688123.SH,聚辰股份,半导体
688125.SH,安达智能,专用机械
688126.SH,沪硅产业,半导体
688127.SH,蓝特光学,元器件
688131.SH,皓元医药,化学制药
688141.SH,杰华特,半导体
688143.SH,长盈通,通信设备
688146.SH,中船特气,半导体
688147.SH,微导纳米,专用机械
688150.SH,莱特光电,元器件
688166.SH,博瑞医药,化学制药
688167.SH,炬光科技,元器件
688169.SH,石头科技,家用电器
688172.SH,燕东微,半导体
688180.SH,君实生物,生物制药
688183.SH,生益电子,元器件
688187.SH,时代电气,运输设备
688188.SH,柏楚电子,专用机械
688192.SH,迪哲医药,生物制药
688195.SH,腾景科技,元器件
688198.SH,佰仁医疗,医疗保健
688200.SH,华峰测控,半导体
688205.SH,德科立,通信设备
688206.SH,概伦电子,半导体
688208.SH,道通科技,IT设备
688213.SH,思特威,半导体
688220.SH,翱捷科技,半导体
688223.SH,晶科能源,电气设备
688234.SH,天岳先进,半导体
688235.SH,百济神州,生物制药
688248.SH,南网科技,电气设备
688249.SH,晶合集成,半导体
688256.SH,寒武纪,半导体
688257.SH,新锐股份,机械基件
688266.SH,泽璟制药,生物制药
688268.SH,华特气体,化工原料
688270.SH,ST臻镭,半导体
688271.SH,联影医疗,医疗保健
688275.SH,万润新能,电气设备
688278.SH,特宝生物,生物制药
688279.SH,峰岹科技,半导体
688281.SH,华秦科技,航空
688295.SH,中复神鹰,化纤
688297.SH,中无人机,航空
688300.SH,联瑞新材,矿物制品
688301.SH,奕瑞科技,医疗保健
688303.SH,大全能源,电气设备
688306.SH,均普智能,专用机械
688308.SH,欧科亿,机械基件
688313.SH,仕佳光子,通信设备
688318.SH,财富趋势,软件服务
688321.SH,微芯生物,化学制药
688322.SH,奥比中光,元器件
688331.SH,荣昌生物,生物制药
688333.SH,铂力特,机械基件
688336.SH,三生国健,生物制药
688343.SH,云天励飞,软件服务
688347.SH,华虹宏力,半导体
688349.SH,三一重能,电气设备
688353.SH,华盛锂电,化工原料
688361.SH,中科飞测,半导体
688362.SH,甬矽电子,半导体
688363.SH,华熙生物,医疗保健
688368.SH,晶丰明源,半导体
688372.SH,伟测科技,半导体
688375.SH,国博电子,元器件
688380.SH,中微半导,半导体
688382.SH,益方生物,生物制药
688385.SH,复旦微电,半导体
688387.SH,信科移动,通信设备
688388.SH,嘉元科技,电气设备
688390.SH,固德威,电气设备
688396.SH,华润微,半导体
688400.SH,凌云光,专用机械
688403.SH,汇成股份,半导体
688409.SH,富创精密,半导体
688411.SH,海博思创,电气设备
688425.SH,铁建重工,工程机械
688432.SH,有研硅,半导体
688433.SH,华曙高科,专用机械
688449.SH,联芸科技,半导体
688469.SH,芯联集成,半导体
688472.SH,阿特斯,电气设备
688475.SH,萤石网络,IT设备
688498.SH,源杰科技,半导体
688502.SH,茂莱光学,元器件
688503.SH,聚和材料,电气设备
688506.SH,百利天恒,化学制药
688516.SH,奥特维,专用机械
688519.SH,南亚新材,元器件
688520.SH,神州细胞,生物制药
688521.SH,芯原股份,半导体
688525.SH,佰维存储,半导体
688531.SH,日联科技,专用机械
688536.SH,思瑞浦,半导体
688538.SH,和辉光电,半导体
688548.SH,广钢气体,化工原料
688561.SH,奇安信,软件服务
688567.SH,孚能科技,电气设备
688568.SH,中科星图,软件服务
688578.SH,艾力斯,化学制药
688582.SH,芯动联科,元器件
688585.SH,上纬新材,化工原料
688599.SH,天合光能,电气设备
688608.SH,恒玄科技,半导体
688615.SH,合合信息,软件服务
688617.SH,惠泰医疗,医疗保健
688625.SH,呈和科技,化工原料
688627.SH,精智达,专用机械
688629.SH,华丰科技,元器件
688630.SH,芯碁微装,专用机械
688660.SH,电气风电,电气设备
688668.SH,鼎通科技,通信设备
688676.SH,金盘科技,电气设备
688686.SH,奥普特,电器仪表
688692.SH,达梦数据,软件服务
688698.SH,伟创电气,电气设备
688700.SH,东威科技,专用机械
688702.SH,盛科通信,半导体
688728.SH,格科微,半导体
688766.SH,普冉股份,半导体
688772.SH,珠海冠宇,电气设备
688777.SH,中控技术,专用机械
688778.SH,厦钨新能,电气设备
688779.SH,五矿新能,电气设备
688789.SH,宏华数科,专用机械
688795.SH,摩尔线程,半导体
688800.SH,瑞可达,元器件
688808.SH,联讯仪器,电器仪表
688819.SH,天能股份,电气设备
688820.SH,盛合晶微,半导体
688981.SH,中芯国际,半导体
689009.SH,九号公司,摩托车
